csv Celebration,1969-01-05 11:40:13 -0500
csv,2018-12-31 19:33:54 -0500
csv 2019,2019-01-01 05:32:26 -0500
csvru,2019-01-01 08:48:23 -0500
csv Bash,2019-01-01 11:33:02 -0500
csvCon,2019-01-02 06:25:37 -0500
csvella,2019-01-02 10:58:15 -0500
csv 2019,2019-01-02 21:16:15 -0500
csvru,2019-01-03 09:32:49 -0500
csv,2019-01-03 23:10:06 -0500
csvella,2019-01-05 02:25:00 -0500
csvaroo,2019-01-05 10:58:19 -0500
The csv Ceremony,2019-01-05 15:08:52 -0500
csvella,2019-01-06 04:48:52 -0500
The csv Occasion,2019-01-06 23:11:08 -0500
csv Party,2019-01-10 10:38:54 -0500
csvaroo,2019-01-10 15:20:40 -0500
csv Conference,2019-01-10 21:23:05 -0500
A Night to Celebrate csv,2019-01-10 23:08:56 -0500
Celebration of csv,2019-01-11 04:38:55 -0500
csv,2019-01-11 15:04:19 -0500
csv Gala,2019-01-11 16:43:00 -0500
csv Charity,2019-01-12 14:09:54 -0500
An Evening of csv,2019-01-12 20:53:21 -0500
csv Con,2019-01-13 14:59:20 -0500
csv Conference,2019-01-16 01:54:37 -0500
csv Conference,2019-01-16 10:44:06 -0500
The csv Event of the Year!,2019-01-16 13:13:14 -0500
csv Fundraiser,2019-01-18 17:26:26 -0500
csv Con,2019-01-18 19:28:06 -0500
csv Fundraiser,2019-01-18 20:51:24 -0500
csv 2019,2019-01-19 22:12:20 -0500
csv Shindig,2019-01-20 00:53:52 -0500
csv Con,2019-01-21 11:25:16 -0500
csvru,2019-01-22 09:55:53 -0500
csvathon,2019-01-22 17:56:40 -0500
csvCon,2019-01-23 13:18:49 -0500
csvaroo,2019-01-23 13:33:16 -0500
csv Bowl-A-Thon,2019-01-23 17:06:08 -0500
The csv Experience,2019-01-23 23:06:18 -0500
csv Ball,2019-01-25 09:31:08 -0500
